key,details.Food and drink.category,details.Food and drink.names,details.Food and drink.reopen_dates,details.Houses of worship.category,details.Houses of worship.names,details.Houses of worship.reopen_dates,details.Industries.category,details.Industries.names,details.Industries.reopen_dates,details.Personal care.category,details.Personal care.names,details.Personal care.reopen_dates,details.Retail.category,details.Retail.names,details.Retail.reopen_dates,details.Outdoor and recreation.category,details.Outdoor and recreation.names,details.Outdoor and recreation.reopen_dates,details.Entertainment.category,details.Entertainment.reopen_dates,details.Entertainment.names,state_postal,stay_at_home.expires,stay_at_home.expires_display,stay_at_home.expires_today,stay_at_home.expiring_soon,stay_at_home.had_order,stay_at_home.has_expired,stay_at_home.name,stay_at_home.starts,stay_at_home.starts_display,reopen_dates_all.0
Alabama,Food and drink,"[""Restaurant dining, bars and breweries""]","[""5/11/2020""]",,,,,,,Personal care,"[""Salons""]","[""5/11/2020""]",Retail,"[""Retail stores""]","[""4/30/2020""]",Outdoor and recreation,"[""Beaches"",""Gyms""]","[""4/30/2020"",""5/11/2020""]",Entertainment,"[""5/22/2020""]","[""Entertainment venues""]",AL,4/30/2020,April 30,false,false,true,true,Stay-at-home order,4/4/2020,April 4,4/30/2020
Alaska,Food and drink,"[""Restaurant dining"",""Bars""]","[""4/24/2020"",""5/8/2020""]",,,,,,,Personal care,"[""Hair salons, barbershops, nail salons etc.""]","[""4/24/2020""]",Retail,"[""Retail stores""]","[""4/24/2020""]",Outdoor and recreation,"[""Gyms"",""Pools""]","[""4/24/2020"",""5/8/2020""]",Entertainment,"[""5/8/2020"",""5/8/2020"",""5/8/2020"",""5/8/2020""]","[""Libraries"",""Theaters"",""Bowling alleys"",""Museums""]",AK,4/24/2020,April 24,false,false,true,true,Stay-at-home order,3/28/2020,March 28,4/24/2020
Arizona,Food and drink,"[""Restaurant dining""]","[""5/11/2020""]",,,,,,,Personal care,"[""Barbershops, salons, etc.""]","[""5/8/2020""]",Retail,"[""Retail stores""]","[""5/8/2020""]",Outdoor and recreation,"[""Pools, gyms, spas""]","[""5/13/2020""]",Entertainment,"[""5/15/2020""]","[""Casinos""]",AZ,5/15/2020,May 15,false,false,true,true,Stay-at-home order,3/31/2020,March 31,5/8/2020
Arkansas,Food and drink,"[""Restaurant dining"",""Bars""]","[""5/11/2020"",""5/26/2020""]",,,,,,,Personal care,"[""Hair salons, barbershops, nail salons etc.""]","[""5/6/2020""]",,,,Outdoor and recreation,"[""Campgrounds"",""Gyms"",""Pools""]","[""5/1/2020"",""5/4/2020"",""5/22/2020""]",Entertainment,"[""5/18/2020"",""5/18/2020"",""6/15/2020""]","[""Theaters, stadiums, museums, bowling alleys"",""Casinos"",""Large venues""]",AR,,,,,,,,,,5/6/2020
California,Food and drink,"[""Restaurant dining in some counties"",""Bars in some counties""]","[""5/12/2020"",""6/12/2020""]",Houses of worship,[],"[""5/25/2020""]",Industries,"[""Manufacturing"",""Warehouses"",""Offices"",""Movie, TV and music production""]","[""5/8/2020"",""5/8/2020"",""5/12/2020"",""6/12/2020""]",Personal care,"[""Pet groomers"",""Hair salons and barbershops in some counties""]","[""5/12/2020"",""5/26/2020""]",Retail,"[""Retail""]","[""5/25/2020""]",Outdoor and recreation,"[""Gyms in some counties""]","[""6/12/2020""]",Entertainment,"[""6/12/2020"",""6/12/2020"",""6/12/2020""]","[""Casinos in some counties"",""Museums, galleries, zoos, aquariums in some counties"",""Bowling alleys, arcades, mini golf""]",CA,,,false,false,true,false,Stay-at-home order,3/19/2020,March 19,5/25/2020
Colorado,Food and drink,"[""Restaurants dining""]","[""5/27/2020""]",,,,Industries,"[""Offices"",""Manufacturing""]","[""5/4/2020"",""5/4/2020""]",Personal care,"[""Salons and personal services""]","[""5/1/2020""]",Retail,"[""Retail stores""]","[""5/1/2020""]",Outdoor and recreation,"[""Campgrounds"",""Pools, playgrounds"",""Gyms""]","[""5/12/2020"",""6/4/2020"",""6/4/2020""]",,,,CO,4/26/2020,April 26,false,false,true,true,Stay-at-home order,3/26/2020,March 26,4/27/2020
Connecticut,Food and drink,"[""Restaurants dining""]","[""6/17/2020""]",,,,Industries,"[""Offices""]","[""5/20/2020""]",Personal care,"[""Hair salons, barbershops"",""Nail salons"",""Tattoo parlors, spas""]","[""6/1/2020"",""6/17/2020"",""6/17/2020""]",Retail,"[""Retail stores, malls""]","[""5/20/2020""]",Outdoor and recreation,"[""Beaches"",""Gyms""]","[""5/22/2020"",""6/17/2020""]",Entertainment,"[""5/20/2020"",""5/30/2020"",""6/17/2020"",""6/17/2020"",""6/17/2020""]","[""Museums, zoos"",""Casinos"",""Movie theaters"",""Libraries"",""Amusement parks, bowling alleys""]",CT,5/20/2020,May 20,false,false,true,true,Stay-at-home order,3/23/2020,March 23,5/20/2020
Delaware,Food and drink,"[""Farmers markets"",""Restaurants, bars and breweries""]","[""5/15/2020"",""6/1/2020""]",,,,,,,Personal care,"[""Barber shops, hair salons, tanning salons"",""Nail salons, tattoo parlors, massage therapy""]","[""6/1/2020"",""6/8/2020""]",Retail,"[""Retail stores"",""Malls""]","[""6/1/2020"",""6/1/2020""]",Outdoor and recreation,"[""Beaches"",""Pools"",""Gyms""]","[""5/22/2020"",""5/22/2020"",""6/1/2020""]",Entertainment,"[""6/1/2020"",""6/1/2020""]","[""Museums, libraries, galleries, live performances"",""Casinos""]",DE,5/31/2020,May 31,false,false,true,true,Shelter in place,3/24/2020,March 24,6/1/2020
District of Columbia,Food and drink,"[""Restaurants open for outdoor dining""]","[""5/29/2020""]",,,,,,,Personal care,"[""Barbershops, hair salons""]","[""5/29/2020""]",Retail,"[""Retail stores open to curbside pickup""]","[""5/29/2020""]",Outdoor and recreation,"[""Dog parks, golf courses, tennis courts, parks""]","[""5/29/2020""]",Entertainment,"[""5/29/2020""]","[""Libraries open to curbside pickup""]",DC,5/29/2020,May 29,false,false,true,true,Stay-at-home order,4/1/2020,April 1,5/29/2020
Florida,Food and drink,"[""Restaurant dining"",""Bars in most counties""]","[""5/4/2020"",""6/5/2020""]",Houses of worship,[],"[""5/4/2020""]",,,,Personal care,"[""Tattoo parlors, massage therapy, tanning salons, acupuncture in most counties""]","[""6/5/2020""]",Retail,"[""Retail stores""]","[""5/4/2020""]",Outdoor and recreation,"[""Beaches, trails"",""Gyms""]","[""5/4/2020"",""5/18/2020""]",Entertainment,"[""5/4/2020"",""6/5/2020""]","[""Sporting venues without spectators"",""Movie theaters, concert halls, bowling alleys in most counties""]",FL,5/4/2020,May 4,false,false,true,true,Stay-at-home order,4/3/2020,April 3,5/4/2020
Georgia,Food and drink,"[""Restaurant dining""]","[""4/27/2020""]",,,,,,,Personal care,"[""Hair salons, barbershops, etc.""]","[""4/24/2020""]",,,,Outdoor and recreation,"[""Gyms""]","[""4/24/2020""]",Entertainment,"[""4/24/2020"",""4/27/2020"",""6/1/2020""]","[""Bowling alleys"",""Theaters, private social clubs"",""Bars, nightclubs""]",GA,4/30/2020,April 30,false,false,true,true,Shelter in place,4/3/2020,April 3,4/24/2020
Hawaii,Food and drink,"[""Restaurant dining in some areas""]","[""6/1/2020""]",Houses of worship,[],"[""5/23/2020"",""5/30/2020""]",Industries,"[""Construction in some areas"",""Offices in some areas""]","[""5/22/2020"",""6/5/2020""]",Personal care,"[""Pet groomers"",""Nail salons in some areas"",""Tattoo parlors in some areas"",""Salons and barbershops""]","[""5/7/2020"",""5/29/2020"",""5/29/2020"",""6/1/2020""]",Retail,"[""Retail stores""]","[""5/7/2020""]",Outdoor and recreation,"[""Beaches, piers, docks, etc."",""State parks"",""Pools and waterparks in some areas"",""Campgrounds in some areas"",""Gyms in some areas""]","[""4/25/2020"",""5/2/2020"",""5/28/2020"",""5/28/2020"",""6/1/2020""]",,,,HI,5/31/2020,May 31,false,false,true,true,Stay-at-home order,3/25/2020,March 25,5/7/2020
Idaho,Food and drink,"[""Restaurant dining"",""Bars""]","[""5/16/2020"",""5/30/2020""]",Houses of worship,[],"[""5/1/2020""]",,,,Personal care,"[""Hair salons""]","[""5/16/2020""]",,,,Outdoor and recreation,"[""Gyms"",""Pools and waterparks""]","[""5/16/2020"",""5/30/2020""]",Entertainment,"[""5/30/2020"",""6/13/2020"",""6/13/2020""]","[""Movie theaters"",""Nightclubs"",""Large venues""]",ID,4/30/2020,April 30,false,false,true,true,Stay-at-home order,3/25/2020,March 25,5/1/2020
Illinois,Food and drink,"[""Restaurants open for outdoor dining""]","[""5/29/2020""]",,,,Industries,"[""Manufacturing"",""Offices""]","[""5/29/2020"",""5/29/2020""]",Personal care,"[""Pet grooming"",""Hair salons, barber shops, nail salons, spas, waxing centers, tattoo parlors""]","[""5/1/2020"",""5/29/2020""]",Retail,"[""Retail stores""]","[""5/29/2020""]",Outdoor and recreation,"[""State parks; limited fishing, boating, golf courses"",""Gyms""]","[""5/1/2020"",""5/29/2020""]",,,,IL,5/29/2020,May 29,false,false,true,true,Stay-at-home order,3/21/2020,March 21,5/29/2020
Indiana,Food and drink,"[""Restaurant dining"",""Bars and nightclubs""]","[""5/11/2020"",""6/12/2020""]",Houses of worship,[],"[""5/8/2020""]",Industries,"[""Manufacturing, offices""]","[""5/4/2020""]",Personal care,"[""Spas, salons, barbershops, tattoo parlors""]","[""5/11/2020""]",Retail,"[""Retail stores""]","[""5/18/2020""]",Outdoor and recreation,"[""Gyms"",""Pools, tennis and basketball courts"",""Campgrounds"",""Amusement parks, water parks""]","[""6/1/2020"",""6/1/2020"",""6/1/2020"",""6/12/2020""]",Entertainment,"[""5/4/2020"",""6/12/2020"",""6/12/2020"",""6/12/2020""]","[""Libraries"",""Museums, zoos and aquariums"",""Large venues"",""Movie theaters, bowling alleys""]",IN,5/4/2020,May 4,false,false,true,true,Stay-at-home order,3/24/2020,March 24,5/4/2020
Iowa,Food and drink,"[""Restaurant dining"",""Bars""]","[""5/15/2020"",""5/28/2020""]",Houses of worship,[],"[""5/1/2020""]",,,,Personal care,"[""Medical spas, tanning salons"",""Salons, barbershops, tattoo parlors, etc.""]","[""5/8/2020"",""5/15/2020""]",Retail,"[""Retail stores, malls""]","[""5/15/2020""]",Outdoor and recreation,"[""Campgrounds"",""Gyms"",""Pools"",""Playgrounds, skating rinks, skate parks""]","[""5/8/2020"",""5/15/2020"",""5/22/2020"",""6/1/2020""]",Entertainment,"[""5/1/2020"",""5/22/2020"",""5/22/2020"",""6/1/2020"",""6/1/2020"",""6/1/2020""]","[""Libraries"",""Movie theaters"",""Museums, zoos, aquariums"",""Casinos"",""Outdoor venues"",""Bowling alleys, amusement parks""]",IA,,,,,,,,,,5/1/2020
Kansas,Food and drink,"[""Restaurant dining"",""Bars""]","[""5/4/2020"",""6/8/2020""]",Houses of worship,[],"[""5/4/2020""]",Industries,"[""Offices""]","[""5/4/2020""]",Personal care,"[""Salons, barbershops, tattoo parlors""]","[""5/18/2020""]",Retail,"[""Retail stores""]","[""5/4/2020""]",Outdoor and recreation,"[""Gyms"",""Community centers, sports facilities"",""Pools""]","[""5/18/2020"",""5/22/2020"",""6/8/2020""]",Entertainment,"[""5/22/2020"",""6/8/2020""]","[""Theaters, museums and bowling alleys"",""Nightclubs""]",KS,5/3/2020,May 3,false,false,true,true,Stay-at-home order,3/30/2020,March 30,5/4/2020
Kentucky,Food and drink,"[""Restaurant dining"",""Distilleries""]","[""5/22/2020"",""6/8/2020""]",Houses of worship,[],"[""5/9/2020""]",Industries,"[""Manufacturing, construction, offices""]","[""5/11/2020""]",Personal care,"[""Pet grooming and boarding"",""Salons, barbershops, tattoo parlors, etc.""]","[""5/11/2020"",""5/25/2020""]",Retail,"[""Retail stores""]","[""5/20/2020""]",Outdoor and recreation,"[""Gyms"",""Aquatic centers"",""Campgrounds""]","[""6/1/2020"",""6/1/2020"",""6/11/2020""]",Entertainment,"[""6/1/2020"",""6/1/2020"",""6/8/2020""]","[""Movie theaters"",""Bowling alleys"",""Museums, aquariums, libraries, outdoor attractions""]",KY,,,false,false,true,false,Healthy at home,3/26/2020,March 26,5/20/2020
Louisiana,Food and drink,"[""Restaurant dining"",""Bars""]","[""5/15/2020"",""6/5/2020""]",Houses of worship,[],"[""5/15/2020""]",,,,Personal care,"[""Salons and barbershops"",""Spas, tattoo parlors""]","[""5/15/2020"",""6/5/2020""]",Retail,"[""Malls""]","[""5/15/2020""]",Outdoor and recreation,"[""Gyms"",""State parks"",""Pools"",""Bowling alleys, skating rinks""]","[""5/15/2020"",""5/15/2020"",""6/5/2020"",""6/5/2020""]",Entertainment,"[""5/15/2020"",""5/15/2020"",""5/18/2020"",""6/5/2020""]","[""Movie theaters"",""Certain museums, zoos and aquariums"",""Casinos"",""Event centers""]",LA,5/15/2020,May 15,false,false,true,true,Stay-at-home order,3/23/2020,March 23,5/15/2020
Maine,Food and drink,"[""Restaurants"",""Bars open for outdoor service""]","[""6/1/2020"",""6/17/2020""]",Houses of worship,[],"[""6/1/2020""]",,,,Personal care,"[""Hair salons, barbershops, pet groomers"",""Nail salons and tattoo parlors""]","[""5/1/2020"",""6/17/2020""]",Retail,"[""Retail stores""]","[""6/1/2020""]",Outdoor and recreation,"[""State parks, boating, golf courses"",""Remote campgrounds, hunting and fishing"",""Private campgrounds, RV parks"",""Gyms""]","[""5/1/2020"",""5/18/2020"",""5/22/2020"",""6/17/2020""]",,,,ME,5/31/2020,May 31,false,false,true,true,Stay-at-home order,4/2/2020,April 2,5/1/2020
Maryland,Food and drink,"[""Outdoor service at breweries, wineries, and distilleries"",""Restaurants""]","[""5/29/2020"",""6/12/2020""]",Houses of worship,[],"[""5/15/2020""]",Industries,"[""Manufacturing"",""Construction, offices""]","[""5/15/2020"",""6/5/2020""]",Personal care,"[""Hair salons, barbershops"",""Nail salons, massage parlors, tanning salons, tattoo parlors""]","[""5/15/2020"",""6/5/2020""]",Retail,"[""Retail stores""]","[""5/15/2020""]",Outdoor and recreation,"[""Golf courses, outdoor shooting ranges, marinas, campgrounds"",""Beaches"",""Outdoor pools and day camps"",""Outdoor amusements""]","[""5/7/2020"",""5/7/2020"",""5/29/2020"",""6/12/2020""]",,,,MD,5/15/2020,May 15,false,false,true,true,Stay-at-home order,3/30/2020,March 30,5/15/2020
Massachusetts,Food and drink,"[""Outdoor dining at restaurants""]","[""6/8/2020""]",Houses of worship,[],"[""5/18/2020""]",Industries,"[""Construction, manufacturing"",""Offices"",""Hotels, lodging""]","[""5/18/2020"",""5/25/2020"",""6/8/2020""]",Personal care,"[""Hair salons, barbershops"",""Pet grooming""]","[""5/25/2020"",""5/25/2020""]",Retail,"[""Retail for curbside pickup"",""Retail""]","[""5/25/2020"",""6/8/2020""]",Outdoor and recreation,"[""Golf courses"",""Beaches, parks, fishing, hunting and boating""]","[""5/7/2020"",""5/25/2020""]",,,,MA,5/18/2020,May 18,false,false,true,true,Stay-at-home advisory,3/24/2020,March 24,5/18/2020
Michigan,Food and drink,"[""Restaurant dining"",""Bars""]","[""6/8/2020"",""6/8/2020""]",,,,Industries,"[""Construction, real estate"",""Manufacturing, including auto companies"",""Offices""]","[""5/7/2020"",""5/11/2020"",""6/1/2020""]",Personal care,"[""Pet groomers"",""Hair salons, barbershops, nail salons, tattoo parlors""]","[""6/4/2020"",""6/15/2020""]",Retail,"[""Retail""]","[""6/4/2020""]",Outdoor and recreation,"[""Golf courses, marinas"",""Pools"",""Gyms in some regions""]","[""4/24/2020"",""6/8/2020"",""6/10/2020""]",Entertainment,"[""6/10/2020""]","[""Arcades, bowling alleys, theaters, night clubs and convention centers in some regions""]",MI,6/1/2020,June 1,false,false,true,true,Stay-at-home order,3/24/2020,March 24,6/1/2020
Minnesota,Food and drink,"[""Restaurants and bars""]","[""6/10/2020""]",Houses of worship,[],"[""5/26/2020""]",Industries,"[""Manufacturing"",""Offices""]","[""4/26/2020"",""4/26/2020""]",Personal care,"[""Salons, barbershops, tattoo parlors""]","[""5/31/2020""]",Retail,"[""Retail stores"",""Malls""]","[""5/17/2020"",""5/17/2020""]",Outdoor and recreation,"[""Campgrounds"",""Gyms""]","[""5/31/2020"",""6/10/2020""]",Entertainment,"[""6/10/2020"",""6/10/2020""]","[""Theaters and concert halls"",""Bowling alleys, arcades and museums""]",MN,5/17/2020,May 17,false,false,true,true,Stay-at-home order,3/27/2020,March 27,5/18/2020
Mississippi,Food and drink,"[""Restaurant dining, bars""]","[""5/7/2020""]",,,,,,,Personal care,"[""Salons and barbershops"",""Tattoo parlors""]","[""5/11/2020"",""5/15/2020""]",Retail,"[""Retail stores""]","[""4/27/2020""]",Outdoor and recreation,"[""State parks"",""Gyms""]","[""5/7/2020"",""5/11/2020""]",Entertainment,"[""5/21/2020"",""6/1/2020"",""6/1/2020""]","[""Casinos"",""Movie theaters"",""Libraries, museums""]",MS,4/27/2020,April 27,false,false,true,true,Shelter in place,4/3/2020,April 3,4/27/2020
Missouri,Food and drink,"[""Restaurant dining""]","[""5/4/2020""]",,,,,,,Personal care,"[""Salons, barbershops, tattoo parlors, etc.""]","[""5/4/2020""]",Retail,"[""Retail stores""]","[""5/4/2020""]",Outdoor and recreation,"[""Gyms"",""Campgrounds""]","[""5/4/2020"",""5/18/2020""]",Entertainment,"[""5/4/2020""]","[""Movie theaters, music venues, etc.""]",MO,5/3/2020,May 3,false,false,true,true,Stay-at-home order,4/6/2020,April 6,5/4/2020
Montana,Food and drink,"[""Restaurant dining, bars, breweries and distilleries""]","[""5/4/2020""]",Houses of worship,[],"[""4/26/2020""]",,,,Personal care,"[""Salons, barbershops, massage parlors""]","[""4/27/2020""]",Retail,"[""Retail stores""]","[""4/27/2020""]",Outdoor and recreation,"[""Gyms""]","[""5/15/2020""]",Entertainment,"[""5/15/2020"",""6/1/2020"",""6/1/2020""]","[""Museums, movie theaters"",""Concert venues"",""Bowling alleys""]",MT,4/26/2020,April 26,false,false,true,true,Stay-at-home order,3/28/2020,March 28,4/26/2020
Nebraska,Food and drink,"[""Bars in certain counties"",""Restaurant dining""]","[""6/1/2020"",""6/1/2020""]",Houses of worship,[],"[""5/4/2020""]",,,,Personal care,"[""Salons, barbershops, tattoo parlors, etc.""]","[""6/1/2020""]",,,,Outdoor and recreation,"[""Pools in certain counties""]","[""6/1/2020""]",Entertainment,"[""6/1/2020"",""6/1/2020""]","[""Zoos in certain counties"",""Movie theaters in certain counties""]",NE,,,,,,,,,,5/4/2020
Nevada,Food and drink,"[""Restaurants"",""Bars""]","[""5/9/2020"",""5/29/2020""]",Houses of worship,[],"[""5/29/2020""]",,,,Personal care,"[""Barbershops, hair salons and nail salons"",""Cosmetology and skin services"",""Massage therapy"",""Tattoo and piercing shops""]","[""5/9/2020"",""5/29/2020"",""5/29/2020"",""5/29/2020""]",Retail,"[""Retail stores"",""Malls""]","[""5/9/2020"",""5/29/2020""]",Outdoor and recreation,"[""Golf courses, pickleball, tennis courts"",""State parks"",""Gyms"",""Pools and waterparks""]","[""5/1/2020"",""5/9/2020"",""5/29/2020"",""5/29/2020""]",Entertainment,"[""5/29/2020"",""5/29/2020"",""5/29/2020"",""6/4/2020""]","[""Museums, art galleries, zoos and aquariums"",""Movie theaters, bowling alleys"",""Outdoor attractions"",""Gaming""]",NV,5/9/2020,May 9,false,false,true,true,Stay-at-home order,4/1/2020,April 1,5/9/2020
New Hampshire,Food and drink,"[""Restaurants open for outdoor dining"",""Restaurant dining in some counties""]","[""5/18/2020"",""6/15/2020""]",Houses of worship,[],"[""5/29/2020""]",,,,Personal care,"[""Barbershops, hair salons, etc."",""Nail salons"",""Tanning salons"",""Tattoo shops"",""Acupuncturists and massage therapists""]","[""5/11/2020"",""6/1/2020"",""6/1/2020"",""6/1/2020"",""6/1/2020""]",Retail,"[""Retail stores""]","[""5/11/2020""]",Outdoor and recreation,"[""Golf courses"",""Outdoor attractions"",""Beaches"",""Personal and small group fitness training"",""Gyms"",""Pools""]","[""5/11/2020"",""5/18/2020"",""6/1/2020"",""6/1/2020"",""6/15/2020"",""6/15/2020""]",Entertainment,"[""6/15/2020"",""6/15/2020""]","[""Libraries, museums, art galleries"",""Bowling alleys and entertainment centers""]",NH,6/15/2020,June 15,false,false,true,true,Stay-at-home order,3/27/2020,March 27,5/11/2020
New Jersey,Food and drink,"[""Outdoor dining at restaurants""]","[""6/15/2020""]",,,,Industries,"[""Construction""]","[""5/18/2020""]",,,,Retail,"[""Retail stores""]","[""6/15/2020""]",Outdoor and recreation,"[""Golf courses"",""Outdoor recreational businesses"",""Beaches""]","[""5/2/2020"",""5/22/2020"",""5/22/2020""]",Entertainment,"[""6/15/2020""]","[""Libraries for curbside pickup""]",NJ,6/9/2020,June 9,false,false,true,true,Stay-at-home order,3/21/2020,March 21,6/9/2020
New Mexico,Food and drink,"[""Restaurant dining"",""Breweries""]","[""6/1/2020"",""6/15/2020""]",Houses of worship,[],"[""5/16/2020""]",Industries,"[""Offices at 25 percent capacity""]","[""5/16/2020""]",Personal care,"[""Pet grooming and boarding, veterinary services"",""Hair salons, barbershops, tattoo parlors, massage parlors, nail salons""]","[""5/1/2020"",""6/1/2020""]",Retail,"[""Retail stores at 25 percent capacity"",""Malls""]","[""5/16/2020"",""6/1/2020""]",Outdoor and recreation,"[""State parks"",""Golf courses, boating"",""Gyms, pools""]","[""5/1/2020"",""5/1/2020"",""6/1/2020""]",,,,NM,5/31/2020,May 31,false,false,true,true,Stay-at-home order,3/24/2020,March 24,5/16/2020
New York,Food and drink,"[""Outdoor dining at restaurants in some regions"",""Indoor dining in some regions""]","[""6/4/2020"",""6/12/2020""]",Houses of worship,[],"[""5/21/2020""]",Industries,"[""Offices in some regions"",""Construction, manufacturing""]","[""5/29/2020"",""6/8/2020""]",Personal care,"[""Hair salons, barbershops, tattoo parlors, massage parlors, nail salons in some regions""]","[""6/12/2020""]",Retail,"[""Low-risk businesses"",""Retail for in-store shopping in some regions"",""Retail stores open to pickup""]","[""5/15/2020"",""5/29/2020"",""6/8/2020""]",Outdoor and recreation,"[""Beaches"",""Fishing and hunting"",""Public pools and playgrounds""]","[""5/22/2020"",""6/8/2020"",""6/11/2020""]",,,,NY,5/28/2020,May 28,false,false,true,true,Stay-at-home order,3/22/2020,March 22,5/15/2020
North Carolina,Food and drink,"[""Restaurant dining""]","[""5/22/2020""]",,,,,,,Personal care,"[""Salons, barbershops, tattoo parlors""]","[""5/22/2020""]",Retail,"[""Retail stores""]","[""5/8/2020""]",Outdoor and recreation,"[""Pools""]","[""5/22/2020""]",,,,NC,5/22/2020,May 22,false,false,true,true,Stay-at-home order,3/30/2020,March 30,5/8/2020
North Dakota,Food and drink,"[""Restaurant dining, bars""]","[""5/1/2020""]",,,,,,,Personal care,"[""Salons, tattoo parlors, massage therapy, etc.""]","[""5/1/2020""]",,,,Outdoor and recreation,"[""Gyms"",""Sports venues""]","[""5/1/2020"",""5/15/2020""]",Entertainment,"[""5/1/2020"",""5/15/2020""]","[""Movie theaters"",""Music and entertainment venues""]",ND,,,,,,,,,,5/1/2020
Ohio,Food and drink,"[""Dine-in restaurants and bars""]","[""5/21/2020""]",,,,Industries,"[""Manufacturing, distribution, construction"",""Offices""]","[""5/4/2020"",""5/4/2020""]",Personal care,"[""Salons, barbershops etc.""]","[""5/15/2020""]",Retail,"[""Retail stores""]","[""5/12/2020""]",Outdoor and recreation,"[""Campgrounds"",""Gyms, pools, and sports leagues"",""Bowling alleys, miniature golf and batting cages"",""Aquariums, zoos"",""Skating rinks, playgrounds, country clubs""]","[""5/21/2020"",""5/26/2020"",""6/1/2020"",""6/10/2020"",""6/10/2020""]",Entertainment,"[""6/10/2020""]","[""Movie theaters, museums, art galleries""]",OH,5/29/2020,May 29,false,false,true,true,Stay-at-home order,3/23/2020,March 23,5/12/2020
Oklahoma,Food and drink,"[""Restaurant dining"",""Bars""]","[""5/1/2020"",""5/15/2020""]",Houses of worship,[],"[""5/1/2020""]",Industries,"[""Offices""]","[""5/1/2020""]",Personal care,"[""Salons, barbershops, spas, pet groomers, etc."",""Tattoo parlors""]","[""4/24/2020"",""5/1/2020""]",,,,Outdoor and recreation,"[""State parks"",""Gyms""]","[""4/24/2020"",""5/1/2020""]",Entertainment,"[""5/1/2020"",""5/15/2020""]","[""Movie theaters, sports venues, museums"",""Nightclubs""]",OK,,,,,,,,,,4/24/2020
Oregon,Food and drink,"[""Restaurant dining in some counties""]","[""5/15/2020""]",,,,Industries,"[""Offices in most counties""]","[""6/8/2020""]",Personal care,"[""Salons, barbershops in some counties""]","[""5/15/2020""]",Retail,"[""Retail stores""]","[""5/15/2020""]",Outdoor and recreation,"[""Some state parks, outdoor recreation facilities"",""Gyms in some counties"",""Pools in most counties""]","[""5/5/2020"",""5/15/2020"",""6/8/2020""]",Entertainment,"[""6/8/2020""]","[""Movie theaters, bowling alleys in most counties""]",OR,,,false,false,true,false,Stay-at-home order,3/23/2020,March 23,
Pennsylvania,Food and drink,"[""Restaurants and bars in most counties"",""Outdoor dining restaurants and bars""]","[""6/12/2020"",""6/5/2020""]",,,,,,,Personal care,"[""Hair salons, barbershops, spas in most counties""]","[""6/12/2020""]",Retail,"[""Retail stores""]","[""6/5/2020""]",Outdoor and recreation,"[""Golf courses, marinas, guided fishing trips, privately owned campgrounds"",""Gyms in most counties"",""Beaches"",""Outdoor sports"",""State parks"",""Public pools""]","[""5/1/2020"",""6/12/2020"",""6/6/2020"",""6/12/2020"",""6/12/2020"",""6/13/2020""]",Entertainment,"[""6/12/2020""]","[""Casinos, theaters, shopping malls in most counties""]",PA,6/4/2020,June 4,false,false,true,true,Stay-at-home order,4/1/2020,April 1,5/8/2020
Puerto Rico,Food and drink,"[""Restaurants""]","[""5/25/2020""]",Houses of worship,[],"[""6/16/2020""]",,,,Personal care,"[""Salons, barbershops"",""Pet grooming"",""Spas""]","[""5/25/2020"",""5/25/2020"",""6/16/2020""]",Retail,"[""Retail stores"",""Outdoor malls"",""Malls""]","[""5/25/2020"",""5/25/2020"",""6/8/2020""]",Outdoor and recreation,"[""Beaches"",""Beaches"",""Gyms""]","[""5/25/2020"",""6/16/2020"",""6/16/2020""]",Entertainment,"[""6/16/2020"",""6/16/2020""]","[""Museums, cinemas, autocinemas"",""Outdoor concerts and other open venues""]",PR,6/15/2020,June 15,false,false,true,true,Stay-at-home curfew,3/15/2020,March 15,5/25/2020
Rhode Island,Food and drink,"[""Restaurant dining""]","[""6/1/2020""]",Houses of worship,[],"[""5/30/2020""]",Industries,"[""Offices"",""Malls""]","[""5/9/2020"",""6/1/2020""]",Personal care,"[""Hair salons, barbershops"",""Nail salons, massage parlors, tattoo shops""]","[""5/9/2020"",""6/1/2020""]",Retail,"[""Retail stores""]","[""5/9/2020""]",Outdoor and recreation,"[""State parks"",""Beaches"",""Gyms"",""Casinos""]","[""5/9/2020"",""6/1/2020"",""6/1/2020"",""6/8/2020""]",,,,RI,5/8/2020,May 8,false,false,true,true,Stay-at-home order,3/28/2020,March 28,5/9/2020
South Carolina,Food and drink,"[""Restaurant dining""]","[""5/11/2020""]",,,,,,,Personal care,"[""Salons, barbershops, tattoo parlors etc.""]","[""5/18/2020""]",Retail,"[""Retail stores""]","[""4/20/2020""]",Outdoor and recreation,"[""Beaches, piers, docks, etc."",""Gyms"",""Pools""]","[""4/21/2020"",""5/18/2020"",""5/18/2020""]",,,,SC,5/4/2020,May 4,false,false,true,true,Stay-at-home order,4/7/2020,April 7,4/20/2020
South Dakota,,,,,,,,,,,,,,,,,,,,,,SD,,,,,,,,,,4/28/2020
Tennessee,Food and drink,"[""Restaurant dining in most counties""]","[""4/27/2020""]",,,,,,,Personal care,"[""Salons, barbershops, etc. in most counties""]","[""5/6/2020""]",Retail,"[""Retail stores in most counties""]","[""4/29/2020""]",Outdoor and recreation,"[""State parks"",""Gyms in most counties"",""Theaters, museums, amusement parks""]","[""4/24/2020"",""5/1/2020"",""5/22/2020""]",,,,TN,4/30/2020,April 30,false,false,true,true,Stay-at-home order,3/31/2020,March 31,
Texas,Food and drink,"[""Restaurant dining"",""Bars""]","[""5/1/2020"",""5/22/2020""]",,,,Industries,"[""Offices, manufacturing""]","[""5/18/2020""]",Personal care,"[""Salons, barbershops, etc."",""Massage and personal care""]","[""5/8/2020"",""5/18/2020""]",Retail,"[""Retail stores, malls""]","[""5/1/2020""]",Outdoor and recreation,"[""State parks"",""Pools"",""Gyms"",""Natural caverns"",""Water parks"",""Zoos""]","[""4/20/2020"",""5/8/2020"",""5/18/2020"",""5/22/2020"",""5/29/2020"",""5/29/2020""]",Entertainment,"[""5/1/2020"",""5/22/2020"",""5/22/2020""]","[""Movie theaters, museums, libraries"",""Bowling alleys, bingo halls, skating rinks, rodeos"",""Aquariums""]",TX,4/30/2020,April 30,false,false,true,true,Stay-at-home order,4/2/2020,April 2,5/1/2020
Utah,Food and drink,"[""Restaurant dining""]","[""5/1/2020""]",,,,,,,Personal care,"[""Salons, personal care businesses""]","[""5/1/2020""]",,,,Outdoor and recreation,"[""Gyms"",""Pools""]","[""5/1/2020"",""5/27/2020""]",,,,UT,,,,,,,,,,5/1/2020
Vermont,Food and drink,"[""Restaurant dining""]","[""6/8/2020""]",,,,Industries,"[""Manufacturing, construction, distribution""]","[""4/27/2020""]",Personal care,"[""Hair salons and barbershops"",""Nail salons, spas, tattoo parlors""]","[""5/29/2020"",""6/1/2020""]",Retail,"[""Retail stores""]","[""5/18/2020""]",Outdoor and recreation,"[""State parks, golf courses, trails etc."",""Campgrounds"",""Gyms, fitness centers""]","[""5/7/2020"",""5/22/2020"",""6/1/2020""]",Entertainment,"[""6/1/2020""]","[""Museums, theaters, libraries""]",VT,5/15/2020,May 15,false,false,true,true,Stay-at-home order,3/25/2020,March 25,5/15/2020
Virginia,Food and drink,"[""Restaurants and bars""]","[""6/12/2020""]",Houses of worship,[],"[""5/28/2020""]",,,,Personal care,"[""Salons, barbershops, etc.""]","[""5/28/2020""]",Retail,"[""Retail stores""]","[""5/28/2020""]",Outdoor and recreation,"[""Campgrounds"",""Beaches"",""Gyms"",""Pools""]","[""5/28/2020"",""5/29/2020"",""6/12/2020"",""6/12/2020""]",Entertainment,"[""6/12/2020""]","[""Museums, zoos, aquariums, outdoor concerts""]",VA,6/10/2020,June 10,false,false,true,true,Stay-at-home order,3/30/2020,March 30,5/15/2020
Washington,Food and drink,"[""Restaurant dining in certain counties""]","[""5/11/2020""]",Houses of worship,"[""Drive-in religious services"",""Religious services in some counties""]","[""5/6/2020"",""5/27/2020""]",Industries,"[""Construction""]","[""5/15/2020""]",Personal care,"[""Hair salons, barbershops, tattoo parlors, etc.in some counties"",""Pet grooming in some counties""]","[""5/13/2020"",""5/18/2020""]",Retail,"[""Retail stores open to curbside pickup"",""In-store retail in some counties""]","[""5/5/2020"",""5/12/2020""]",Outdoor and recreation,"[""State parks, fishing, hunting, golf courses"",""Gyms in some counties""]","[""5/5/2020"",""5/19/2020""]",Entertainment,"[""6/11/2020""]","[""Casinos""]",WA,5/31/2020,May 31,false,false,true,true,Stay-at-home order,3/25/2020,March 25,6/1/2020
West Virginia,Food and drink,"[""Restaurant dining"",""Bars""]","[""5/21/2020"",""5/26/2020""]",,,,,,,Personal care,"[""Salons, barbershops, pet groomers"",""Tanning salons"",""Massage parlors and spas""]","[""5/4/2020"",""5/21/2020"",""5/30/2020""]",Retail,"[""Retail stores"",""Malls""]","[""5/21/2020"",""5/21/2020""]",Outdoor and recreation,"[""Gyms, recreation centers"",""State parks, campgrounds"",""Museums, zoos"",""Pools"",""Casinos""]","[""5/18/2020"",""5/21/2020"",""5/26/2020"",""5/30/2020"",""6/5/2020""]",Entertainment,"[""5/30/2020""]","[""Bowling alleys, pool halls, roller rinks""]",WV,5/3/2020,May 3,false,false,true,true,Stay-at-home order,3/24/2020,March 24,5/4/2020
Wisconsin,,,,,,,,,,Personal care,"[""Pet groomers for curbside dropoff""]","[""4/29/2020""]",Retail,"[""Retail stores""]","[""5/11/2020""]",Outdoor and recreation,"[""Golf courses"",""State parks""]","[""4/24/2020"",""5/1/2020""]",,,,WI,5/13/2020,May 13,false,false,true,true,Stay-at-home order,3/25/2020,March 25,5/13/2020
Wyoming,Food and drink,"[""Restaurant dining""]","[""5/15/2020""]",,,,,,,Personal care,"[""Hair salons, barbershops, tattoo parlors, massage therapy, etc.""]","[""5/1/2020""]",,,,Outdoor and recreation,"[""Gyms"",""State parks""]","[""5/1/2020"",""5/18/2020""]",Entertainment,"[""5/15/2020""]","[""Movie theaters, entertaiment venues""]",WY,,,,,,,,,,5/1/2020
